Nodes,CharCap
1,0.0
2,0.0
3,0.0
4,0.0
5,0.0
6,0.0
7,0.1374555555555555
8,0.0
9,1.2460181431431427
10,0.0
11,0.0
12,0.5749969135802471
13,0.4523835802469132
14,0.08272932098765448
15,0.0
16,0.0508288888888888
17,0.0491155555555555
18,0.14997617951284858
19,0.19633974641307728
20,0.0
21,0.0965748148148148
22,0.18145703703703697
23,0.2956377777777778
24,0.0
25,0.0
26,0.0
