Nodes,CharCap
1,0.0
2,0.0
3,0.0
4,0.0
5,0.0
6,0.009444444444444552
7,0.07722222222222223
8,0.0
9,0.5160323239906586
10,0.0
11,0.0
12,0.2122222222222222
13,0.4908703703703697
14,0.04366666666666665
15,0.0
16,0.0285555555555555
17,0.0285555555555555
18,0.07722222222222218
19,0.12559259259259248
20,0.0
21,0.031407407407407384
22,0.10245370370370364
23,0.14864660493827153
24,0.0
25,0.0
26,0.0
