Nodes,CharCap
1,0.0
2,0.0
3,0.0
4,0.0
5,0.0
6,0.023891433099778536
7,0.1737844928261471
8,0.0
9,1.066265974307641
10,0.0
11,0.0
12,0.3046296296296298
13,0.5284444444444444
14,0.04366666666666667
15,0.0
16,0.03182307307308735
17,0.02528803803802393
18,0.1200555555555554
19,0.08275925925925925
20,0.0
21,0.0561481481481481
22,0.09626851851851848
23,0.14967746913580238
24,0.0
25,0.0
26,0.0
