Nodes,CharCap
1,0.0
2,0.0
3,0.0
4,0.0
5,0.0
6,0.0
7,0.11630637637637209
8,0.0
9,0.47021662662662833
10,0.0
11,0.0
12,0.0
13,0.3069355555555558
14,0.15545333333333328
15,0.0
16,0.0508288888888888
17,0.0491155555555555
18,0.13282222222222254
19,0.16554851851851832
20,0.0
21,0.0965748148148148
22,0.1270877777777799
23,0.22100222222222218
24,0.0
25,0.0
26,0.0
