B,EvacTime,NumEvac,Avg_evac_time,Avg_evac_time_all,RunTime
10,2,86.60451051051048,4.800905548962315,4.215236957378675,38.48480987548828
